[{
        "fields": {
            "description": "Make an e-commerce site",
            "end_date": "2021-11-05",
            "name": "Project 1",
            "skills_req": [1, 2, 3],
            "slug": "project-1",
            "start_date": "2021-07-1"
        },
        "model": "team_finder.project",
        "pk": 1
    }, {
        "fields": {
            "description": "Basket weaving optimization",
            "end_date": "2022-01-10",
            "name": "Project 2",
            "skills_req": [12, 14, 15],
            "slug": "project-2",
            "start_date": "2021-09-26"
        },
        "model": "team_finder.project",
        "pk": 2
    }, {
        "fields": {
            "description": "Drug Discovery Research",
            "end_date": "2022-09-10",
            "name": "Project 3",
            "skills_req": [4, 5, 6],
            "slug": "project-3",
            "start_date": "2022-02-26"
        },
        "model": "team_finder.project",
        "pk": 3
    }, {
        "fields": {
            "name": "UI Design"
        },
        "model": "team_finder.skill",
        "pk": 1
    }, {
        "fields": {
            "name": "Back-End"
        },
        "model": "team_finder.skill",
        "pk": 2
    }, {
        "fields": {
            "name": "Java"
        },
        "model": "team_finder.skill",
        "pk": 3
    }, {
        "fields": {
            "name": "Python"
        },
        "model": "team_finder.skill",
        "pk": 4
    }, {
        "fields": {
            "name": "Fortran"
        },
        "model": "team_finder.skill",
        "pk": 5
    }, {
        "fields": {
            "name": "Statistics"
        },
        "model": "team_finder.skill",
        "pk": 6
    }, {
        "fields": {
            "name": "Salesforce"
        },
        "model": "team_finder.skill",
        "pk": 7
    }, {
        "fields": {
            "name": "DevOps"
        },
        "model": "team_finder.skill",
        "pk": 8
    }, {
        "fields": {
            "name": "Spring"
        },
        "model": "team_finder.skill",
        "pk": 9
    }, {
        "fields": {
            "name": "SQL"
        },
        "model": "team_finder.skill",
        "pk": 10
    }, {
        "fields": {
            "name": "Chemistry"
        },
        "model": "team_finder.skill",
        "pk": 11
    }, {
        "fields": {
            "name": "Public Speaking"
        },
        "model": "team_finder.skill",
        "pk": 12
    }, {
        "fields": {
            "name": "C++"
        },
        "model": "team_finder.skill",
        "pk": 13
    }, {
        "fields": {
            "name": "Electrical Engineering"
        },
        "model": "team_finder.skill",
        "pk": 14
    }, {
        "fields": {
            "name": "Embedded Systems"
        },
        "model": "team_finder.skill",
        "pk": 15
    }, {
        "fields": {
            "name": "Cooking"
        },
        "model": "team_finder.skill",
        "pk": 16
    }, {
        "fields": {
            "name": "Basket weaving"
        },
        "model": "team_finder.skill",
        "pk": 17
    }, {
        "fields": {
            "name": "Magic"
        },
        "model": "team_finder.skill",
        "pk": 18
    }, {
        "fields": {
            "name": "Sklearn"
        },
        "model": "team_finder.skill",
        "pk": 19
    }, {
        "fields": {
            "name": "Project Management"
        },
        "model": "team_finder.skill",
        "pk": 20
    },{
  "fields": {
    "current_proj": [

    ],
    "email": "wmcgowran0@sina.com.cn",
    "first_name": "Wallis",
    "last_name": "McGowran",
    "rate": 37.5,
    "skills": [
      6,
      13,
      3
    ],
    "slug": "wallis-mcgowran",
    "title": "Software Engineer III",
    "years_exp": 1
  },
  "model": "team_finder.candidate",
  "pk": 1
}, {
  "fields": {
    "current_proj": [

    ],
    "email": "ryockley1@scientificamerican.com",
    "first_name": "Reilly",
    "last_name": "Yockley",
    "rate": 84.2,
    "skills": [
      20,
      2,
      7
    ],
    "slug": "reilly-yockley",
    "title": "Community Outreach Specialist",
    "years_exp": 4
  },
  "model": "team_finder.candidate",
  "pk": 2
}, {
  "fields": {
    "current_proj": [

    ],
    "email": "kchantler2@weibo.com",
    "first_name": "Kathryne",
    "last_name": "Chantler",
    "rate": 30.8,
    "skills": [
      6,
      15,
      7
    ],
    "slug": "kathryne-chantler",
    "title": "Nurse",
    "years_exp": 15
  },
  "model": "team_finder.candidate",
  "pk": 3
}, {
  "fields": {
    "current_proj": [

    ],
    "email": "cdow3@mozilla.org",
    "first_name": "Claire",
    "last_name": "Dow",
    "rate": 81.1,
    "skills": [
      20,
      4,
      9
    ],
    "slug": "claire-dow",
    "title": "Analog Circuit Design manager",
    "years_exp": 3
  },
  "model": "team_finder.candidate",
  "pk": 4
}, {
  "fields": {
    "current_proj": [

    ],
    "email": "ashakesby4@pen.io",
    "first_name": "Alyda",
    "last_name": "Shakesby",
    "rate": 58.8,
    "skills": [
      9,
      13,
      3
    ],
    "slug": "alyda-shakesby",
    "title": "Physical Therapy Assistant",
    "years_exp": 17
  },
  "model": "team_finder.candidate",
  "pk": 5
}, {
  "fields": {
    "current_proj": [

    ],
    "email": "jrushe5@intel.com",
    "first_name": "Juanita",
    "last_name": "Rushe",
    "rate": 49.1,
    "skills": [
      7,
      1,
      7
    ],
    "slug": "juanita-rushe",
    "title": "Actuary",
    "years_exp": 17
  },
  "model": "team_finder.candidate",
  "pk": 6
}, {
  "fields": {
    "current_proj": [

    ],
    "email": "swondraschek6@mail.ru",
    "first_name": "Seward",
    "last_name": "Wondraschek",
    "rate": 36.0,
    "skills": [
      7,
      16,
      9
    ],
    "slug": "seward-wondraschek",
    "title": "Business Systems Development Analyst",
    "years_exp": 7
  },
  "model": "team_finder.candidate",
  "pk": 7
}, {
  "fields": {
    "current_proj": [

    ],
    "email": "jbarrable7@sbwire.com",
    "first_name": "Jacquie",
    "last_name": "Barrable",
    "rate": 68.4,
    "skills": [
      18,
      6,
      9
    ],
    "slug": "jacquie-barrable",
    "title": "Environmental Tech",
    "years_exp": 15
  },
  "model": "team_finder.candidate",
  "pk": 8
}, {
  "fields": {
    "current_proj": [

    ],
    "email": "dkeppel8@youtube.com",
    "first_name": "Danna",
    "last_name": "Keppel",
    "rate": 76.7,
    "skills": [
      7,
      4,
      5
    ],
    "slug": "danna-keppel",
    "title": "Nurse Practicioner",
    "years_exp": 2
  },
  "model": "team_finder.candidate",
  "pk": 9
}, {
  "fields": {
    "current_proj": [

    ],
    "email": "hwhittleton9@friendfeed.com",
    "first_name": "Harp",
    "last_name": "Whittleton",
    "rate": 73.7,
    "skills": [
      7,
      19,
      8
    ],
    "slug": "harp-whittleton",
    "title": "Geologist III",
    "years_exp": 16
  },
  "model": "team_finder.candidate",
  "pk": 10
}, {
  "fields": {
    "current_proj": [

    ],
    "email": "zealama@gizmodo.com",
    "first_name": "Zenia",
    "last_name": "Ealam",
    "rate": 98.3,
    "skills": [
      15,
      11,
      4
    ],
    "slug": "zenia-ealam",
    "title": "Senior Developer",
    "years_exp": 5
  },
  "model": "team_finder.candidate",
  "pk": 11
}, {
  "fields": {
    "current_proj": [

    ],
    "email": "otomaszekb@bloomberg.com",
    "first_name": "Orv",
    "last_name": "Tomaszek",
    "rate": 86.4,
    "skills": [
      11,
      4,
      20
    ],
    "slug": "orv-tomaszek",
    "title": "Programmer III",
    "years_exp": 14
  },
  "model": "team_finder.candidate",
  "pk": 12
}, {
  "fields": {
    "current_proj": [

    ],
    "email": "hcockrellc@harvard.edu",
    "first_name": "Heinrik",
    "last_name": "Cockrell",
    "rate": 32.5,
    "skills": [
      1,
      3,
      19
    ],
    "slug": "heinrik-cockrell",
    "title": "General Manager",
    "years_exp": 10
  },
  "model": "team_finder.candidate",
  "pk": 13
}, {
  "fields": {
    "current_proj": [

    ],
    "email": "cpaylerd@google.ru",
    "first_name": "Claretta",
    "last_name": "Payler",
    "rate": 64.1,
    "skills": [
      8,
      4,
      12
    ],
    "slug": "claretta-payler",
    "title": "Professor",
    "years_exp": 18
  },
  "model": "team_finder.candidate",
  "pk": 14
}, {
  "fields": {
    "current_proj": [

    ],
    "email": "krubenchike@hostgator.com",
    "first_name": "Koralle",
    "last_name": "Rubenchik",
    "rate": 95.8,
    "skills": [
      11,
      15,
      3
    ],
    "slug": "koralle-rubenchik",
    "title": "Staff Scientist",
    "years_exp": 3
  },
  "model": "team_finder.candidate",
  "pk": 15
}, {
  "fields": {
    "current_proj": [

    ],
    "email": "aheeneyf@weebly.com",
    "first_name": "Amos",
    "last_name": "Heeney",
    "rate": 69.5,
    "skills": [
      19,
      1,
      1
    ],
    "slug": "amos-heeney",
    "title": "Marketing Assistant",
    "years_exp": 17
  },
  "model": "team_finder.candidate",
  "pk": 16
}, {
  "fields": {
    "current_proj": [

    ],
    "email": "nsergisong@washington.edu",
    "first_name": "Nari",
    "last_name": "Sergison",
    "rate": 47.1,
    "skills": [
      7,
      11,
      7
    ],
    "slug": "nari-sergison",
    "title": "Account Representative I",
    "years_exp": 8
  },
  "model": "team_finder.candidate",
  "pk": 17
}, {
  "fields": {
    "current_proj": [

    ],
    "email": "aseamarkh@nifty.com",
    "first_name": "Alexandra",
    "last_name": "Seamark",
    "rate": 54.3,
    "skills": [
      20,
      15,
      13
    ],
    "slug": "alexandra-seamark",
    "title": "Statistician I",
    "years_exp": 16
  },
  "model": "team_finder.candidate",
  "pk": 18
}, {
  "fields": {
    "current_proj": [

    ],
    "email": "bstegelli@apple.com",
    "first_name": "Brandea",
    "last_name": "Stegell",
    "rate": 68.3,
    "skills": [
      6,
      16,
      12
    ],
    "slug": "brandea-stegell",
    "title": "Senior Developer",
    "years_exp": 13
  },
  "model": "team_finder.candidate",
  "pk": 19
}]
