[{
        "fields": {
            "description": "Make an e-commerce site",
            "end_date": "2021-11-05",
            "name": "Project 1",
            "skills_req": [1, 2, 3, 7, 8, 9],
            "slug": "project-1",
            "start_date": "2021-07-1"
        },
        "model": "team_finder.project",
        "pk": 1
    }, {
        "fields": {
            "description": "Basket weaving optimization",
            "end_date": "2022-01-10",
            "name": "Project 2",
            "skills_req": [12, 14, 15, 16, 17, 18],
            "slug": "project-2",
            "start_date": "2021-09-26"
        },
        "model": "team_finder.project",
        "pk": 2
    }, {
        "fields": {
            "description": "Drug Discovery Research",
            "end_date": "2022-09-10",
            "name": "Project 3",
            "skills_req": [4, 5, 6, 11, 13, 19],
            "slug": "project-3",
            "start_date": "2022-02-26"
        },
        "model": "team_finder.project",
        "pk": 3
    }, {
        "fields": {
            "name": "UI Design"
        },
        "model": "team_finder.skill",
        "pk": 1
    }, {
        "fields": {
            "name": "Back-End"
        },
        "model": "team_finder.skill",
        "pk": 2
    }, {
        "fields": {
            "name": "Java"
        },
        "model": "team_finder.skill",
        "pk": 3
    }, {
        "fields": {
            "name": "Python"
        },
        "model": "team_finder.skill",
        "pk": 4
    }, {
        "fields": {
            "name": "Fortran"
        },
        "model": "team_finder.skill",
        "pk": 5
    }, {
        "fields": {
            "name": "Statistics"
        },
        "model": "team_finder.skill",
        "pk": 6
    }, {
        "fields": {
            "name": "Salesforce"
        },
        "model": "team_finder.skill",
        "pk": 7
    }, {
        "fields": {
            "name": "DevOps"
        },
        "model": "team_finder.skill",
        "pk": 8
    }, {
        "fields": {
            "name": "Spring"
        },
        "model": "team_finder.skill",
        "pk": 9
    }, {
        "fields": {
            "name": "SQL"
        },
        "model": "team_finder.skill",
        "pk": 10
    }, {
        "fields": {
            "name": "Chemistry"
        },
        "model": "team_finder.skill",
        "pk": 11
    }, {
        "fields": {
            "name": "Public Speaking"
        },
        "model": "team_finder.skill",
        "pk": 12
    }, {
        "fields": {
            "name": "C++"
        },
        "model": "team_finder.skill",
        "pk": 13
    }, {
        "fields": {
            "name": "Electrical Engineering"
        },
        "model": "team_finder.skill",
        "pk": 14
    }, {
        "fields": {
            "name": "Embedded Systems"
        },
        "model": "team_finder.skill",
        "pk": 15
    }, {
        "fields": {
            "name": "Cooking"
        },
        "model": "team_finder.skill",
        "pk": 16
    }, {
        "fields": {
            "name": "Basket weaving"
        },
        "model": "team_finder.skill",
        "pk": 17
    }, {
        "fields": {
            "name": "Magic"
        },
        "model": "team_finder.skill",
        "pk": 18
    }, {
        "fields": {
            "name": "Sklearn"
        },
        "model": "team_finder.skill",
        "pk": 19
    }, {
        "fields": {
            "name": "Project Management"
        },
        "model": "team_finder.skill",
        "pk": 20
    }, {
        "fields": {
            "current_proj": [
                2
            ],
            "email": "istillwell0@bandcamp.com",
            "first_name": "Isidro",
            "last_name": "Stillwell",
            "rate": 66.8,
            "skills": [
                5,
                17,
                10
            ],
            "slug": "isidro-stillwell",
            "title": "Recruiter",
            "years_exp": 9
        },
        "model": "team_finder.candidate",
        "pk": 1
    }, {
        "fields": {
            "current_proj": [
                3
            ],
            "email": "dsproston1@weather.com",
            "first_name": "Darcie",
            "last_name": "Sproston",
            "rate": 21.6,
            "skills": [
                15,
                8,
                17
            ],
            "slug": "darcie-sproston",
            "title": "Help Desk Operator",
            "years_exp": 14
        },
        "model": "team_finder.candidate",
        "pk": 2
    }, {
        "fields": {
            "current_proj": [
                2
            ],
            "email": "jjohnston2@vk.com",
            "first_name": "Julietta",
            "last_name": "Johnston",
            "rate": 46.1,
            "skills": [
                14,
                7,
                1
            ],
            "slug": "julietta-johnston",
            "title": "VP Accounting",
            "years_exp": 10
        },
        "model": "team_finder.candidate",
        "pk": 3
    }, {
        "fields": {
            "current_proj": [
                3
            ],
            "email": "jstringfellow3@altervista.org",
            "first_name": "Johnathon",
            "last_name": "Stringfellow",
            "rate": 64.2,
            "skills": [
                11,
                16,
                6
            ],
            "slug": "johnathon-stringfellow",
            "title": "Analog Circuit Design manager",
            "years_exp": 15
        },
        "model": "team_finder.candidate",
        "pk": 4
    }, {
        "fields": {
            "current_proj": [
                1
            ],
            "email": "bgodlonton4@admin.ch",
            "first_name": "Braden",
            "last_name": "Godlonton",
            "rate": 47.9,
            "skills": [
                13,
                3,
                5
            ],
            "slug": "braden-godlonton",
            "title": "Executive Secretary",
            "years_exp": 13
        },
        "model": "team_finder.candidate",
        "pk": 5
    }, {
        "fields": {
            "current_proj": [
                3
            ],
            "email": "aoag5@tamu.edu",
            "first_name": "Amelina",
            "last_name": "Oag",
            "rate": 67.8,
            "skills": [
                15,
                8,
                7
            ],
            "slug": "amelina-oag",
            "title": "Editor",
            "years_exp": 9
        },
        "model": "team_finder.candidate",
        "pk": 6
    }, {
        "fields": {
            "current_proj": [
                2
            ],
            "email": "iconville6@nasa.gov",
            "first_name": "Ingeberg",
            "last_name": "Conville",
            "rate": 84.7,
            "skills": [
                16,
                20,
                18
            ],
            "slug": "ingeberg-conville",
            "title": "Database Administrator II",
            "years_exp": 13
        },
        "model": "team_finder.candidate",
        "pk": 7
    }, {
        "fields": {
            "current_proj": [
                3
            ],
            "email": "jmcmeyler7@lycos.com",
            "first_name": "Jaime",
            "last_name": "McMeyler",
            "rate": 63.5,
            "skills": [
                3,
                4,
                5
            ],
            "slug": "jaime-mcmeyler",
            "title": "Structural Analysis Engineer",
            "years_exp": 11
        },
        "model": "team_finder.candidate",
        "pk": 8
    }, {
        "fields": {
            "current_proj": [
                1
            ],
            "email": "mcarberry8@craigslist.org",
            "first_name": "Mortie",
            "last_name": "Carberry",
            "rate": 99.6,
            "skills": [
                5,
                7,
                11
            ],
            "slug": "mortie-carberry",
            "title": "Business Systems Development Analyst",
            "years_exp": 6
        },
        "model": "team_finder.candidate",
        "pk": 9
    }, {
        "fields": {
            "current_proj": [
                1
            ],
            "email": "mburles9@ustream.tv",
            "first_name": "Margarette",
            "last_name": "Burles",
            "rate": 21.9,
            "skills": [
                18,
                10,
                6
            ],
            "slug": "margarette-burles",
            "title": "Database Administrator I",
            "years_exp": 20
        },
        "model": "team_finder.candidate",
        "pk": 10
    }, {
        "fields": {
            "current_proj": [
                1
            ],
            "email": "mohrtmanna@alibaba.com",
            "first_name": "Malinde",
            "last_name": "Ohrtmann",
            "rate": 78.2,
            "skills": [
                7,
                9,
                7
            ],
            "slug": "malinde-ohrtmann",
            "title": "Assistant Media Planner",
            "years_exp": 13
        },
        "model": "team_finder.candidate",
        "pk": 11
    }, {
        "fields": {
            "current_proj": [
                3
            ],
            "email": "nspatarulb@devhub.com",
            "first_name": "Nap",
            "last_name": "Spatarul",
            "rate": 80.6,
            "skills": [
                14,
                20,
                4
            ],
            "slug": "nap-spatarul",
            "title": "Speech Pathologist",
            "years_exp": 14
        },
        "model": "team_finder.candidate",
        "pk": 12
    }, {
        "fields": {
            "current_proj": [
                1
            ],
            "email": "jeareyc@ifeng.com",
            "first_name": "Junina",
            "last_name": "Earey",
            "rate": 23.2,
            "skills": [
                20,
                3,
                20
            ],
            "slug": "junina-earey",
            "title": "Data Coordiator",
            "years_exp": 19
        },
        "model": "team_finder.candidate",
        "pk": 13
    }, {
        "fields": {
            "current_proj": [
                2
            ],
            "email": "nauchterlonyd@google.co.uk",
            "first_name": "Ninon",
            "last_name": "Auchterlony",
            "rate": 89.5,
            "skills": [
                12,
                3,
                13
            ],
            "slug": "ninon-auchterlony",
            "title": "GIS Technical Architect",
            "years_exp": 16
        },
        "model": "team_finder.candidate",
        "pk": 14
    }, {
        "fields": {
            "current_proj": [
                2
            ],
            "email": "kmassinghame@rambler.ru",
            "first_name": "Klaus",
            "last_name": "Massingham",
            "rate": 20.1,
            "skills": [
                17,
                20,
                15
            ],
            "slug": "klaus-massingham",
            "title": "Dental Hygienist",
            "years_exp": 9
        },
        "model": "team_finder.candidate",
        "pk": 15
    }, {
        "fields": {
            "current_proj": [
                1
            ],
            "email": "amcparlandf@ucsd.edu",
            "first_name": "Adriena",
            "last_name": "McParland",
            "rate": 55.4,
            "skills": [
                20,
                6,
                5
            ],
            "slug": "adriena-mcparland",
            "title": "Assistant Media Planner",
            "years_exp": 5
        },
        "model": "team_finder.candidate",
        "pk": 16
    }, {
        "fields": {
            "current_proj": [
                1
            ],
            "email": "tshorbrookg@miitbeian.gov.cn",
            "first_name": "Tabbitha",
            "last_name": "Shorbrook",
            "rate": 67.5,
            "skills": [
                15,
                4,
                5
            ],
            "slug": "tabbitha-shorbrook",
            "title": "Health Coach II",
            "years_exp": 1
        },
        "model": "team_finder.candidate",
        "pk": 17
    }, {
        "fields": {
            "current_proj": [
                1
            ],
            "email": "ibourdelh@fda.gov",
            "first_name": "Isadore",
            "last_name": "Bourdel",
            "rate": 91.4,
            "skills": [
                20,
                13,
                13
            ],
            "slug": "isadore-bourdel",
            "title": "Community Outreach Specialist",
            "years_exp": 7
        },
        "model": "team_finder.candidate",
        "pk": 18
    }, {
        "fields": {
            "current_proj": [
                3
            ],
            "email": "atungatei@slashdot.org",
            "first_name": "Alicia",
            "last_name": "Tungate",
            "rate": 37.4,
            "skills": [
                5,
                1,
                12
            ],
            "slug": "alicia-tungate",
            "title": "Administrative Assistant II",
            "years_exp": 1
        },
        "model": "team_finder.candidate",
        "pk": 19
    }, {
        "fields": {
            "current_proj": [
                2
            ],
            "email": "fgrewcockj@eepurl.com",
            "first_name": "Fielding",
            "last_name": "Grewcock",
            "rate": 84.4,
            "skills": [
                14,
                11,
                4
            ],
            "slug": "fielding-grewcock",
            "title": "Human Resources Manager",
            "years_exp": 11
        },
        "model": "team_finder.candidate",
        "pk": 20
    }, {
        "fields": {
            "current_proj": [
                1
            ],
            "email": "llowndsboroughk@forbes.com",
            "first_name": "Lucretia",
            "last_name": "Lowndsborough",
            "rate": 27.2,
            "skills": [
                4,
                6,
                3
            ],
            "slug": "lucretia-lowndsborough",
            "title": "Assistant Professor",
            "years_exp": 20
        },
        "model": "team_finder.candidate",
        "pk": 21
    }, {
        "fields": {
            "current_proj": [
                2
            ],
            "email": "wmanaghl@senate.gov",
            "first_name": "Wendel",
            "last_name": "Managh",
            "rate": 34.2,
            "skills": [
                15,
                13,
                16
            ],
            "slug": "wendel-managh",
            "title": "Software Test Engineer III",
            "years_exp": 7
        },
        "model": "team_finder.candidate",
        "pk": 22
    }, {
        "fields": {
            "current_proj": [
                3
            ],
            "email": "cshallcroffm@marriott.com",
            "first_name": "Collin",
            "last_name": "Shallcroff",
            "rate": 88.6,
            "skills": [
                19,
                1,
                6
            ],
            "slug": "collin-shallcroff",
            "title": "Professor",
            "years_exp": 12
        },
        "model": "team_finder.candidate",
        "pk": 23
    }, {
        "fields": {
            "current_proj": [
                1
            ],
            "email": "aanstyn@nih.gov",
            "first_name": "Aaren",
            "last_name": "Ansty",
            "rate": 30.6,
            "skills": [
                18,
                19,
                7
            ],
            "slug": "aaren-ansty",
            "title": "Director of Sales",
            "years_exp": 20
        },
        "model": "team_finder.candidate",
        "pk": 24
    }, {
        "fields": {
            "current_proj": [
                1
            ],
            "email": "rcottomo@mashable.com",
            "first_name": "Roxi",
            "last_name": "Cottom",
            "rate": 85.0,
            "skills": [
                1,
                18,
                11
            ],
            "slug": "roxi-cottom",
            "title": "Information Systems Manager",
            "years_exp": 18
        },
        "model": "team_finder.candidate",
        "pk": 25
    }, {
        "fields": {
            "current_proj": [
                2
            ],
            "email": "kmatonp@usnews.com",
            "first_name": "Kev",
            "last_name": "Maton",
            "rate": 93.0,
            "skills": [
                6,
                8,
                1
            ],
            "slug": "kev-maton",
            "title": "Nurse",
            "years_exp": 11
        },
        "model": "team_finder.candidate",
        "pk": 26
    }, {
        "fields": {
            "current_proj": [
                2
            ],
            "email": "hwoollheadq@wisc.edu",
            "first_name": "Halimeda",
            "last_name": "Woollhead",
            "rate": 66.8,
            "skills": [
                9,
                7,
                18
            ],
            "slug": "halimeda-woollhead",
            "title": "Senior Editor",
            "years_exp": 2
        },
        "model": "team_finder.candidate",
        "pk": 27
    }, {
        "fields": {
            "current_proj": [
                1
            ],
            "email": "eleanderr@thetimes.co.uk",
            "first_name": "Ellis",
            "last_name": "Leander",
            "rate": 68.6,
            "skills": [
                19,
                1,
                7
            ],
            "slug": "ellis-leander",
            "title": "VP Sales",
            "years_exp": 8
        },
        "model": "team_finder.candidate",
        "pk": 28
    }, {
        "fields": {
            "current_proj": [
                2
            ],
            "email": "amulhalls@wordpress.org",
            "first_name": "Archibaldo",
            "last_name": "Mulhall",
            "rate": 34.0,
            "skills": [
                2,
                18,
                14
            ],
            "slug": "archibaldo-mulhall",
            "title": "VP Accounting",
            "years_exp": 4
        },
        "model": "team_finder.candidate",
        "pk": 29
    }, {
        "fields": {
            "current_proj": [
                3
            ],
            "email": "lburgist@yellowbook.com",
            "first_name": "Ly",
            "last_name": "Burgis",
            "rate": 79.1,
            "skills": [
                17,
                12,
                13
            ],
            "slug": "ly-burgis",
            "title": "Help Desk Technician",
            "years_exp": 8
        },
        "model": "team_finder.candidate",
        "pk": 30
    }, {
        "fields": {
            "current_proj": [
                3
            ],
            "email": "bbeechingu@marriott.com",
            "first_name": "Biddy",
            "last_name": "Beeching",
            "rate": 83.3,
            "skills": [
                20,
                9,
                13
            ],
            "slug": "biddy-beeching",
            "title": "Nurse",
            "years_exp": 13
        },
        "model": "team_finder.candidate",
        "pk": 31
    }, {
        "fields": {
            "current_proj": [
                3
            ],
            "email": "gannonv@miibeian.gov.cn",
            "first_name": "Gypsy",
            "last_name": "Annon",
            "rate": 20.2,
            "skills": [
                12,
                3,
                4
            ],
            "slug": "gypsy-annon",
            "title": "Help Desk Technician",
            "years_exp": 11
        },
        "model": "team_finder.candidate",
        "pk": 32
    }, {
        "fields": {
            "current_proj": [
                1
            ],
            "email": "nbreachw@arstechnica.com",
            "first_name": "Nertie",
            "last_name": "Breach",
            "rate": 83.3,
            "skills": [
                1,
                10,
                7
            ],
            "slug": "nertie-breach",
            "title": "Web Developer II",
            "years_exp": 10
        },
        "model": "team_finder.candidate",
        "pk": 33
    }, {
        "fields": {
            "current_proj": [
                1
            ],
            "email": "ephilox@webmd.com",
            "first_name": "Eliza",
            "last_name": "Philo",
            "rate": 40.3,
            "skills": [
                11,
                20,
                7
            ],
            "slug": "eliza-philo",
            "title": "Statistician I",
            "years_exp": 19
        },
        "model": "team_finder.candidate",
        "pk": 34
    }, {
        "fields": {
            "current_proj": [
                1
            ],
            "email": "aparchmenty@statcounter.com",
            "first_name": "Arlen",
            "last_name": "Parchment",
            "rate": 82.1,
            "skills": [
                17,
                2,
                14
            ],
            "slug": "arlen-parchment",
            "title": "Help Desk Operator",
            "years_exp": 13
        },
        "model": "team_finder.candidate",
        "pk": 35
    }, {
        "fields": {
            "current_proj": [
                2
            ],
            "email": "cmaundersz@narod.ru",
            "first_name": "Colan",
            "last_name": "Maunders",
            "rate": 21.5,
            "skills": [
                18,
                16,
                12
            ],
            "slug": "colan-maunders",
            "title": "General Manager",
            "years_exp": 19
        },
        "model": "team_finder.candidate",
        "pk": 36
    }, {
        "fields": {
            "current_proj": [
                3
            ],
            "email": "sproudler10@ed.gov",
            "first_name": "Susy",
            "last_name": "Proudler",
            "rate": 89.5,
            "skills": [
                7,
                17,
                13
            ],
            "slug": "susy-proudler",
            "title": "Statistician II",
            "years_exp": 4
        },
        "model": "team_finder.candidate",
        "pk": 37
    }, {
        "fields": {
            "current_proj": [
                3
            ],
            "email": "mspragg11@bloglines.com",
            "first_name": "Maggy",
            "last_name": "Spragg",
            "rate": 20.7,
            "skills": [
                17,
                6,
                11
            ],
            "slug": "maggy-spragg",
            "title": "Safety Technician III",
            "years_exp": 7
        },
        "model": "team_finder.candidate",
        "pk": 38
    }, {
        "fields": {
            "current_proj": [
                2
            ],
            "email": "gmoylan12@vkontakte.ru",
            "first_name": "Ginger",
            "last_name": "Moylan",
            "rate": 22.4,
            "skills": [
                6,
                6,
                8
            ],
            "slug": "ginger-moylan",
            "title": "Structural Engineer",
            "years_exp": 16
        },
        "model": "team_finder.candidate",
        "pk": 39
    }, {
        "fields": {
            "current_proj": [
                1
            ],
            "email": "wsiburn13@g.co",
            "first_name": "Witty",
            "last_name": "Siburn",
            "rate": 85.9,
            "skills": [
                6,
                3,
                12
            ],
            "slug": "witty-siburn",
            "title": "Teacher",
            "years_exp": 20
        },
        "model": "team_finder.candidate",
        "pk": 40
    }, {
        "fields": {
            "current_proj": [
                2
            ],
            "email": "awarbey14@netscape.com",
            "first_name": "Ashlee",
            "last_name": "Warbey",
            "rate": 52.8,
            "skills": [
                19,
                16,
                8
            ],
            "slug": "ashlee-warbey",
            "title": "Account Executive",
            "years_exp": 6
        },
        "model": "team_finder.candidate",
        "pk": 41
    }, {
        "fields": {
            "current_proj": [
                3
            ],
            "email": "pbirkinshaw15@exblog.jp",
            "first_name": "Philbert",
            "last_name": "Birkinshaw",
            "rate": 27.7,
            "skills": [
                3,
                12,
                8
            ],
            "slug": "philbert-birkinshaw",
            "title": "Software Engineer III",
            "years_exp": 14
        },
        "model": "team_finder.candidate",
        "pk": 42
    }, {
        "fields": {
            "current_proj": [
                2
            ],
            "email": "vshadbolt16@woothemes.com",
            "first_name": "Vin",
            "last_name": "Shadbolt",
            "rate": 83.1,
            "skills": [
                20,
                1,
                8
            ],
            "slug": "vin-shadbolt",
            "title": "Graphic Designer",
            "years_exp": 7
        },
        "model": "team_finder.candidate",
        "pk": 43
    }, {
        "fields": {
            "current_proj": [
                3
            ],
            "email": "drodell17@theguardian.com",
            "first_name": "Davina",
            "last_name": "Rodell",
            "rate": 88.5,
            "skills": [
                17,
                15,
                14
            ],
            "slug": "davina-rodell",
            "title": "Senior Financial Analyst",
            "years_exp": 17
        },
        "model": "team_finder.candidate",
        "pk": 44
    }, {
        "fields": {
            "current_proj": [
                1
            ],
            "email": "bchristofle18@twitter.com",
            "first_name": "Byrann",
            "last_name": "Christofle",
            "rate": 84.2,
            "skills": [
                15,
                17,
                20
            ],
            "slug": "byrann-christofle",
            "title": "Research Assistant II",
            "years_exp": 1
        },
        "model": "team_finder.candidate",
        "pk": 45
    }, {
        "fields": {
            "current_proj": [
                2
            ],
            "email": "nhawken19@chronoengine.com",
            "first_name": "Nicolle",
            "last_name": "Hawken",
            "rate": 42.1,
            "skills": [
                17,
                20,
                13
            ],
            "slug": "nicolle-hawken",
            "title": "Tax Accountant",
            "years_exp": 20
        },
        "model": "team_finder.candidate",
        "pk": 46
    }, {
        "fields": {
            "current_proj": [
                2
            ],
            "email": "igiddings1a@zimbio.com",
            "first_name": "Izak",
            "last_name": "Giddings",
            "rate": 90.3,
            "skills": [
                9,
                19,
                5
            ],
            "slug": "izak-giddings",
            "title": "Recruiter",
            "years_exp": 20
        },
        "model": "team_finder.candidate",
        "pk": 47
    }, {
        "fields": {
            "current_proj": [
                3
            ],
            "email": "fgonet1b@quantcast.com",
            "first_name": "Fionnula",
            "last_name": "Gonet",
            "rate": 80.1,
            "skills": [
                20,
                6,
                15
            ],
            "slug": "fionnula-gonet",
            "title": "Structural Analysis Engineer",
            "years_exp": 19
        },
        "model": "team_finder.candidate",
        "pk": 48
    }, {
        "fields": {
            "current_proj": [
                2
            ],
            "email": "jwoolfoot1c@godaddy.com",
            "first_name": "Jacques",
            "last_name": "Woolfoot",
            "rate": 59.5,
            "skills": [
                6,
                6,
                2
            ],
            "slug": "jacques-woolfoot",
            "title": "Desktop Support Technician",
            "years_exp": 6
        },
        "model": "team_finder.candidate",
        "pk": 49
    }, {
        "fields": {
            "current_proj": [
                2
            ],
            "email": "lmatthis1d@cloudflare.com",
            "first_name": "Lilyan",
            "last_name": "Matthis",
            "rate": 68.4,
            "skills": [
                19,
                3,
                12
            ],
            "slug": "lilyan-matthis",
            "title": "Accounting Assistant I",
            "years_exp": 4
        },
        "model": "team_finder.candidate",
        "pk": 50
    }, {
        "fields": {
            "current_proj": [
                1
            ],
            "email": "nkippax1e@nature.com",
            "first_name": "Nicolis",
            "last_name": "Kippax",
            "rate": 27.1,
            "skills": [
                10,
                19,
                11
            ],
            "slug": "nicolis-kippax",
            "title": "Teacher",
            "years_exp": 8
        },
        "model": "team_finder.candidate",
        "pk": 51
    }, {
        "fields": {
            "current_proj": [
                1
            ],
            "email": "wcranston1f@ameblo.jp",
            "first_name": "Waneta",
            "last_name": "Cranston",
            "rate": 36.9,
            "skills": [
                16,
                8,
                4
            ],
            "slug": "waneta-cranston",
            "title": "Compensation Analyst",
            "years_exp": 5
        },
        "model": "team_finder.candidate",
        "pk": 52
    }, {
        "fields": {
            "current_proj": [
                3
            ],
            "email": "bpumphrey1g@foxnews.com",
            "first_name": "Buddie",
            "last_name": "Pumphrey",
            "rate": 25.6,
            "skills": [
                8,
                16,
                5
            ],
            "slug": "buddie-pumphrey",
            "title": "Structural Analysis Engineer",
            "years_exp": 5
        },
        "model": "team_finder.candidate",
        "pk": 53
    }, {
        "fields": {
            "current_proj": [
                2
            ],
            "email": "mseiller1h@microsoft.com",
            "first_name": "Meggy",
            "last_name": "Seiller",
            "rate": 88.7,
            "skills": [
                11,
                2,
                15
            ],
            "slug": "meggy-seiller",
            "title": "Budget/Accounting Analyst IV",
            "years_exp": 13
        },
        "model": "team_finder.candidate",
        "pk": 54
    }, {
        "fields": {
            "current_proj": [
                1
            ],
            "email": "xdyne1i@oaic.gov.au",
            "first_name": "Xylia",
            "last_name": "Dyne",
            "rate": 94.9,
            "skills": [
                12,
                4,
                4
            ],
            "slug": "xylia-dyne",
            "title": "Financial Analyst",
            "years_exp": 8
        },
        "model": "team_finder.candidate",
        "pk": 55
    }, {
        "fields": {
            "current_proj": [
                1
            ],
            "email": "lnaismith1j@symantec.com",
            "first_name": "Lazarus",
            "last_name": "Naismith",
            "rate": 23.0,
            "skills": [
                20,
                20,
                6
            ],
            "slug": "lazarus-naismith",
            "title": "Payment Adjustment Coordinator",
            "years_exp": 5
        },
        "model": "team_finder.candidate",
        "pk": 56
    }, {
        "fields": {
            "current_proj": [
                3
            ],
            "email": "jtwiddle1k@phpbb.com",
            "first_name": "Jed",
            "last_name": "Twiddle",
            "rate": 75.8,
            "skills": [
                18,
                13,
                5
            ],
            "slug": "jed-twiddle",
            "title": "Senior Cost Accountant",
            "years_exp": 14
        },
        "model": "team_finder.candidate",
        "pk": 57
    }, {
        "fields": {
            "current_proj": [
                1
            ],
            "email": "skerrich1l@state.gov",
            "first_name": "Shermie",
            "last_name": "Kerrich",
            "rate": 66.7,
            "skills": [
                14,
                5,
                14
            ],
            "slug": "shermie-kerrich",
            "title": "Software Consultant",
            "years_exp": 6
        },
        "model": "team_finder.candidate",
        "pk": 58
    }, {
        "fields": {
            "current_proj": [
                2
            ],
            "email": "tscallan1m@webs.com",
            "first_name": "Timmie",
            "last_name": "Scallan",
            "rate": 25.8,
            "skills": [
                6,
                4,
                14
            ],
            "slug": "timmie-scallan",
            "title": "Administrative Officer",
            "years_exp": 5
        },
        "model": "team_finder.candidate",
        "pk": 59
    }, {
        "fields": {
            "current_proj": [
                1
            ],
            "email": "dpoundsford1n@theguardian.com",
            "first_name": "Dallas",
            "last_name": "Poundsford",
            "rate": 59.4,
            "skills": [
                3,
                15,
                11
            ],
            "slug": "dallas-poundsford",
            "title": "Account Executive",
            "years_exp": 2
        },
        "model": "team_finder.candidate",
        "pk": 60
    }, {
        "fields": {
            "current_proj": [
                3
            ],
            "email": "bbartod1o@guardian.co.uk",
            "first_name": "Beale",
            "last_name": "Bartod",
            "rate": 34.7,
            "skills": [
                2,
                2,
                9
            ],
            "slug": "beale-bartod",
            "title": "Engineer II",
            "years_exp": 8
        },
        "model": "team_finder.candidate",
        "pk": 61
    }, {
        "fields": {
            "current_proj": [
                3
            ],
            "email": "bmccrackem1p@samsung.com",
            "first_name": "Belva",
            "last_name": "McCrackem",
            "rate": 74.2,
            "skills": [
                5,
                15,
                20
            ],
            "slug": "belva-mccrackem",
            "title": "Safety Technician III",
            "years_exp": 6
        },
        "model": "team_finder.candidate",
        "pk": 62
    }, {
        "fields": {
            "current_proj": [
                1
            ],
            "email": "bduetsche1q@cnn.com",
            "first_name": "Becka",
            "last_name": "Duetsche",
            "rate": 63.5,
            "skills": [
                12,
                18,
                20
            ],
            "slug": "becka-duetsche",
            "title": "Occupational Therapist",
            "years_exp": 7
        },
        "model": "team_finder.candidate",
        "pk": 63
    }, {
        "fields": {
            "current_proj": [
                3
            ],
            "email": "mlamberteschi1r@imdb.com",
            "first_name": "Mata",
            "last_name": "Lamberteschi",
            "rate": 37.4,
            "skills": [
                15,
                2,
                1
            ],
            "slug": "mata-lamberteschi",
            "title": "Assistant Media Planner",
            "years_exp": 17
        },
        "model": "team_finder.candidate",
        "pk": 64
    }, {
        "fields": {
            "current_proj": [
                1
            ],
            "email": "fgillies1s@elpais.com",
            "first_name": "Faber",
            "last_name": "Gillies",
            "rate": 93.4,
            "skills": [
                7,
                18,
                17
            ],
            "slug": "faber-gillies",
            "title": "VP Marketing",
            "years_exp": 10
        },
        "model": "team_finder.candidate",
        "pk": 65
    }, {
        "fields": {
            "current_proj": [
                3
            ],
            "email": "mmatteo1t@sbwire.com",
            "first_name": "Mayor",
            "last_name": "Matteo",
            "rate": 79.6,
            "skills": [
                17,
                8,
                20
            ],
            "slug": "mayor-matteo",
            "title": "Chief Design Engineer",
            "years_exp": 4
        },
        "model": "team_finder.candidate",
        "pk": 66
    }, {
        "fields": {
            "current_proj": [
                2
            ],
            "email": "hhammerman1u@seesaa.net",
            "first_name": "Hiram",
            "last_name": "Hammerman",
            "rate": 30.8,
            "skills": [
                1,
                5,
                4
            ],
            "slug": "hiram-hammerman",
            "title": "Financial Advisor",
            "years_exp": 4
        },
        "model": "team_finder.candidate",
        "pk": 67
    }, {
        "fields": {
            "current_proj": [
                2
            ],
            "email": "higgulden1v@squarespace.com",
            "first_name": "Hunter",
            "last_name": "Iggulden",
            "rate": 90.4,
            "skills": [
                8,
                1,
                18
            ],
            "slug": "hunter-iggulden",
            "title": "Statistician IV",
            "years_exp": 4
        },
        "model": "team_finder.candidate",
        "pk": 68
    }, {
        "fields": {
            "current_proj": [
                2
            ],
            "email": "pdurrand1w@mail.ru",
            "first_name": "Palmer",
            "last_name": "Durrand",
            "rate": 24.4,
            "skills": [
                14,
                18,
                10
            ],
            "slug": "palmer-durrand",
            "title": "Pharmacist",
            "years_exp": 18
        },
        "model": "team_finder.candidate",
        "pk": 69
    }, {
        "fields": {
            "current_proj": [
                2
            ],
            "email": "wcrowd1x@bloomberg.com",
            "first_name": "Willa",
            "last_name": "Crowd",
            "rate": 24.1,
            "skills": [
                4,
                7,
                5
            ],
            "slug": "willa-crowd",
            "title": "Assistant Media Planner",
            "years_exp": 11
        },
        "model": "team_finder.candidate",
        "pk": 70
    }, {
        "fields": {
            "current_proj": [
                1
            ],
            "email": "cdunkerly1y@comcast.net",
            "first_name": "Cooper",
            "last_name": "Dunkerly",
            "rate": 51.8,
            "skills": [
                3,
                14,
                2
            ],
            "slug": "cooper-dunkerly",
            "title": "Marketing Manager",
            "years_exp": 14
        },
        "model": "team_finder.candidate",
        "pk": 71
    }, {
        "fields": {
            "current_proj": [
                1
            ],
            "email": "bhanniger1z@newyorker.com",
            "first_name": "Beverley",
            "last_name": "Hanniger",
            "rate": 76.2,
            "skills": [
                6,
                20,
                15
            ],
            "slug": "beverley-hanniger",
            "title": "Environmental Tech",
            "years_exp": 1
        },
        "model": "team_finder.candidate",
        "pk": 72
    }, {
        "fields": {
            "current_proj": [
                1
            ],
            "email": "abigglestone20@cdc.gov",
            "first_name": "Ardene",
            "last_name": "Bigglestone",
            "rate": 42.2,
            "skills": [
                7,
                18,
                3
            ],
            "slug": "ardene-bigglestone",
            "title": "VP Accounting",
            "years_exp": 7
        },
        "model": "team_finder.candidate",
        "pk": 73
    }, {
        "fields": {
            "current_proj": [
                1
            ],
            "email": "otheuff21@comcast.net",
            "first_name": "Olivier",
            "last_name": "Theuff",
            "rate": 92.3,
            "skills": [
                15,
                2,
                2
            ],
            "slug": "olivier-theuff",
            "title": "Tax Accountant",
            "years_exp": 8
        },
        "model": "team_finder.candidate",
        "pk": 74
    }, {
        "fields": {
            "current_proj": [
                3
            ],
            "email": "cludgrove22@bbc.co.uk",
            "first_name": "Codie",
            "last_name": "Ludgrove",
            "rate": 51.3,
            "skills": [
                8,
                14,
                6
            ],
            "slug": "codie-ludgrove",
            "title": "Recruiter",
            "years_exp": 15
        },
        "model": "team_finder.candidate",
        "pk": 75
    }, {
        "fields": {
            "current_proj": [
                3
            ],
            "email": "sjuschka23@moonfruit.com",
            "first_name": "Sven",
            "last_name": "Juschka",
            "rate": 48.4,
            "skills": [
                3,
                11,
                14
            ],
            "slug": "sven-juschka",
            "title": "VP Accounting",
            "years_exp": 14
        },
        "model": "team_finder.candidate",
        "pk": 76
    }, {
        "fields": {
            "current_proj": [
                2
            ],
            "email": "sverduin24@friendfeed.com",
            "first_name": "Sloan",
            "last_name": "Verduin",
            "rate": 47.7,
            "skills": [
                10,
                18,
                4
            ],
            "slug": "sloan-verduin",
            "title": "Software Consultant",
            "years_exp": 3
        },
        "model": "team_finder.candidate",
        "pk": 77
    }, {
        "fields": {
            "current_proj": [
                1
            ],
            "email": "skighly25@a8.net",
            "first_name": "Stefa",
            "last_name": "Kighly",
            "rate": 69.5,
            "skills": [
                7,
                3,
                15
            ],
            "slug": "stefa-kighly",
            "title": "Accounting Assistant II",
            "years_exp": 1
        },
        "model": "team_finder.candidate",
        "pk": 78
    }, {
        "fields": {
            "current_proj": [
                1
            ],
            "email": "ahavis26@seattletimes.com",
            "first_name": "Alameda",
            "last_name": "Havis",
            "rate": 67.4,
            "skills": [
                3,
                14,
                8
            ],
            "slug": "alameda-havis",
            "title": "Structural Engineer",
            "years_exp": 16
        },
        "model": "team_finder.candidate",
        "pk": 79
    }, {
        "fields": {
            "current_proj": [
                1
            ],
            "email": "fcoxhead27@blog.com",
            "first_name": "Franky",
            "last_name": "Coxhead",
            "rate": 22.3,
            "skills": [
                8,
                8,
                13
            ],
            "slug": "franky-coxhead",
            "title": "Automation Specialist IV",
            "years_exp": 18
        },
        "model": "team_finder.candidate",
        "pk": 80
    }, {
        "fields": {
            "current_proj": [
                2
            ],
            "email": "cgleed28@ow.ly",
            "first_name": "Crystal",
            "last_name": "Gleed",
            "rate": 90.4,
            "skills": [
                15,
                16,
                10
            ],
            "slug": "crystal-gleed",
            "title": "Systems Administrator I",
            "years_exp": 3
        },
        "model": "team_finder.candidate",
        "pk": 81
    }, {
        "fields": {
            "current_proj": [
                1
            ],
            "email": "dsindell29@examiner.com",
            "first_name": "Derrick",
            "last_name": "Sindell",
            "rate": 54.4,
            "skills": [
                11,
                4,
                12
            ],
            "slug": "derrick-sindell",
            "title": "Assistant Media Planner",
            "years_exp": 6
        },
        "model": "team_finder.candidate",
        "pk": 82
    }, {
        "fields": {
            "current_proj": [
                1
            ],
            "email": "rjebb2a@icio.us",
            "first_name": "Randy",
            "last_name": "Jebb",
            "rate": 77.0,
            "skills": [
                7,
                18,
                6
            ],
            "slug": "randy-jebb",
            "title": "Nurse Practicioner",
            "years_exp": 2
        },
        "model": "team_finder.candidate",
        "pk": 83
    }, {
        "fields": {
            "current_proj": [
                2
            ],
            "email": "sshapiro2b@weebly.com",
            "first_name": "Stearn",
            "last_name": "Shapiro",
            "rate": 66.6,
            "skills": [
                7,
                6,
                2
            ],
            "slug": "stearn-shapiro",
            "title": "Nuclear Power Engineer",
            "years_exp": 14
        },
        "model": "team_finder.candidate",
        "pk": 84
    }, {
        "fields": {
            "current_proj": [
                2
            ],
            "email": "brime2c@delicious.com",
            "first_name": "Boy",
            "last_name": "Rime",
            "rate": 91.7,
            "skills": [
                16,
                5,
                12
            ],
            "slug": "boy-rime",
            "title": "Civil Engineer",
            "years_exp": 2
        },
        "model": "team_finder.candidate",
        "pk": 85
    }, {
        "fields": {
            "current_proj": [
                3
            ],
            "email": "hcunde2d@blogs.com",
            "first_name": "Hamil",
            "last_name": "Cunde",
            "rate": 20.6,
            "skills": [
                7,
                20,
                15
            ],
            "slug": "hamil-cunde",
            "title": "Marketing Assistant",
            "years_exp": 17
        },
        "model": "team_finder.candidate",
        "pk": 86
    }, {
        "fields": {
            "current_proj": [
                1
            ],
            "email": "rnorthrop2e@blog.com",
            "first_name": "Ralph",
            "last_name": "Northrop",
            "rate": 82.6,
            "skills": [
                4,
                7,
                17
            ],
            "slug": "ralph-northrop",
            "title": "Payment Adjustment Coordinator",
            "years_exp": 17
        },
        "model": "team_finder.candidate",
        "pk": 87
    }, {
        "fields": {
            "current_proj": [
                1
            ],
            "email": "jsimnel2f@addthis.com",
            "first_name": "Jesselyn",
            "last_name": "Simnel",
            "rate": 85.7,
            "skills": [
                6,
                11,
                11
            ],
            "slug": "jesselyn-simnel",
            "title": "VP Accounting",
            "years_exp": 10
        },
        "model": "team_finder.candidate",
        "pk": 88
    }, {
        "fields": {
            "current_proj": [
                1
            ],
            "email": "jlambol2g@nymag.com",
            "first_name": "Jerry",
            "last_name": "Lambol",
            "rate": 65.1,
            "skills": [
                19,
                13,
                13
            ],
            "slug": "jerry-lambol",
            "title": "Dental Hygienist",
            "years_exp": 19
        },
        "model": "team_finder.candidate",
        "pk": 89
    }, {
        "fields": {
            "current_proj": [
                3
            ],
            "email": "sstoller2h@upenn.edu",
            "first_name": "Starr",
            "last_name": "Stoller",
            "rate": 53.0,
            "skills": [
                10,
                10,
                17
            ],
            "slug": "starr-stoller",
            "title": "Electrical Engineer",
            "years_exp": 15
        },
        "model": "team_finder.candidate",
        "pk": 90
    }, {
        "fields": {
            "current_proj": [
                2
            ],
            "email": "jkeatch2i@ustream.tv",
            "first_name": "Joellen",
            "last_name": "Keatch",
            "rate": 37.4,
            "skills": [
                11,
                13,
                2
            ],
            "slug": "joellen-keatch",
            "title": "Recruiter",
            "years_exp": 14
        },
        "model": "team_finder.candidate",
        "pk": 91
    }, {
        "fields": {
            "current_proj": [
                2
            ],
            "email": "jblunden2j@homestead.com",
            "first_name": "Jorrie",
            "last_name": "Blunden",
            "rate": 74.5,
            "skills": [
                3,
                14,
                6
            ],
            "slug": "jorrie-blunden",
            "title": "Account Representative IV",
            "years_exp": 17
        },
        "model": "team_finder.candidate",
        "pk": 92
    }, {
        "fields": {
            "current_proj": [
                3
            ],
            "email": "ctibbits2k@noaa.gov",
            "first_name": "Care",
            "last_name": "Tibbits",
            "rate": 72.2,
            "skills": [
                3,
                19,
                1
            ],
            "slug": "care-tibbits",
            "title": "Product Engineer",
            "years_exp": 20
        },
        "model": "team_finder.candidate",
        "pk": 93
    }, {
        "fields": {
            "current_proj": [
                3
            ],
            "email": "dmontrose2l@constantcontact.com",
            "first_name": "Drusi",
            "last_name": "Montrose",
            "rate": 60.1,
            "skills": [
                5,
                12,
                19
            ],
            "slug": "drusi-montrose",
            "title": "Food Chemist",
            "years_exp": 8
        },
        "model": "team_finder.candidate",
        "pk": 94
    }, {
        "fields": {
            "current_proj": [
                1
            ],
            "email": "cmerrick2m@wp.com",
            "first_name": "Catie",
            "last_name": "Merrick",
            "rate": 75.9,
            "skills": [
                10,
                15,
                15
            ],
            "slug": "catie-merrick",
            "title": "Geologist I",
            "years_exp": 12
        },
        "model": "team_finder.candidate",
        "pk": 95
    }, {
        "fields": {
            "current_proj": [
                3
            ],
            "email": "tmcpaik2n@unblog.fr",
            "first_name": "Tadio",
            "last_name": "McPaik",
            "rate": 69.8,
            "skills": [
                5,
                8,
                15
            ],
            "slug": "tadio-mcpaik",
            "title": "Community Outreach Specialist",
            "years_exp": 12
        },
        "model": "team_finder.candidate",
        "pk": 96
    }, {
        "fields": {
            "current_proj": [
                3
            ],
            "email": "dtzar2o@geocities.jp",
            "first_name": "Dania",
            "last_name": "Tzar",
            "rate": 30.9,
            "skills": [
                6,
                12,
                7
            ],
            "slug": "dania-tzar",
            "title": "Executive Secretary",
            "years_exp": 8
        },
        "model": "team_finder.candidate",
        "pk": 97
    }, {
        "fields": {
            "current_proj": [
                3
            ],
            "email": "fsibthorpe2p@biglobe.ne.jp",
            "first_name": "Florette",
            "last_name": "Sibthorpe",
            "rate": 49.0,
            "skills": [
                13,
                18,
                3
            ],
            "slug": "florette-sibthorpe",
            "title": "Registered Nurse",
            "years_exp": 6
        },
        "model": "team_finder.candidate",
        "pk": 98
    }, {
        "fields": {
            "current_proj": [
                3
            ],
            "email": "mtabbernor2q@msu.edu",
            "first_name": "Mackenzie",
            "last_name": "Tabbernor",
            "rate": 37.9,
            "skills": [
                18,
                1,
                3
            ],
            "slug": "mackenzie-tabbernor",
            "title": "Actuary",
            "years_exp": 10
        },
        "model": "team_finder.candidate",
        "pk": 99
    }, {
        "fields": {
            "current_proj": [
                3
            ],
            "email": "mmiddleton2r@opera.com",
            "first_name": "Magdalen",
            "last_name": "Middleton",
            "rate": 56.7,
            "skills": [
                7,
                14,
                5
            ],
            "slug": "magdalen-middleton",
            "title": "Geological Engineer",
            "years_exp": 5
        },
        "model": "team_finder.candidate",
        "pk": 100
    }
]
